,io,dominant_mode,min_mode,max_mode
0,C:\Users\achantv\Desktop\S7\HM\D6\LT\A6_L\lid06_cp001_hm.out,4.0,1.0,7.0
1,C:\Users\achantv\Desktop\S7\HM\D6\LT\A6_L\lid06_cp002_hm.out,4.0,1.0,6.0
2,C:\Users\achantv\Desktop\S7\HM\D6\LT\A6_L\lid06_cp003_hm.out,3.0,1.0,7.0
3,C:\Users\achantv\Desktop\S7\HM\D6\LT\A6_L\lid06_cp004_hm.out,3.0,1.0,7.0
4,C:\Users\achantv\Desktop\S7\HM\D6\LT\A6_L\lid06_cp005_hm.out,4.0,1.0,11.0
5,C:\Users\achantv\Desktop\S7\HM\D6\LT\A6_L\lid06_cp006_hm.out,3.0,1.0,7.0
6,C:\Users\achantv\Desktop\S7\HM\D6\LT\A6_L\lid06_cp007_hm.out,3.0,1.0,7.0
7,C:\Users\achantv\Desktop\S7\HM\D6\LT\A6_L\lid06_cp008_hm.out,5.0,1.0,7.0
8,C:\Users\achantv\Desktop\S7\HM\D6\LT\A6_L\lid06_cp009_hm.out,4.0,1.0,7.0
9,C:\Users\achantv\Desktop\S7\HM\D6\LT\A6_L\lid06_cp010_hm.out,5.0,1.0,6.0
10,C:\Users\achantv\Desktop\S7\HM\D6\LT\A6_L\lid06_cp011_hm.out,3.0,1.0,6.0
11,C:\Users\achantv\Desktop\S7\HM\D6\LT\A6_L\lid06_cp012_hm.out,5.0,1.0,7.0
12,C:\Users\achantv\Desktop\S7\HM\D6\LT\A6_L\lid06_cp013_hm.out,11.0,1.0,13.0
13,C:\Users\achantv\Desktop\S7\HM\D6\LT\A6_L\lid06_cp014_hm.out,4.0,1.0,7.0
14,C:\Users\achantv\Desktop\S7\HM\D6\LT\A6_L\lid06_cp015_hm.out,8.0,1.0,10.0
15,C:\Users\achantv\Desktop\S7\HM\D6\LT\A6_L\lid06_cp016_hm.out,4.0,1.0,6.0
16,C:\Users\achantv\Desktop\S7\HM\D6\LT\A6_L\lid06_cp017_hm.out,5.0,1.0,7.0
17,C:\Users\achantv\Desktop\S7\HM\D6\LT\A6_L\lid06_cp018_hm.out,10.0,1.0,13.0
18,C:\Users\achantv\Desktop\S7\HM\D6\LT\A6_L\lid06_cp019_hm.out,5.0,1.0,7.0
19,C:\Users\achantv\Desktop\S7\HM\D6\LT\A6_L\lid06_cp020_hm.out,11.0,1.0,14.0
20,C:\Users\achantv\Desktop\S7\HM\D6\LT\A6_L\lid06_cp021_hm.out,6.0,1.0,8.0
21,C:\Users\achantv\Desktop\S7\HM\D6\LT\A6_L\lid06_cp022_hm.out,5.0,1.0,6.0
22,C:\Users\achantv\Desktop\S7\HM\D6\LT\A6_L\lid06_cp023_hm.out,4.0,1.0,6.0
23,C:\Users\achantv\Desktop\S7\HM\D6\LT\A6_L\lid06_cp024_hm.out,5.0,1.0,6.0
24,C:\Users\achantv\Desktop\S7\HM\D6\LT\A6_L\lid06_cp025_hm.out,4.0,1.0,11.0
25,C:\Users\achantv\Desktop\S7\HM\D6\LT\A6_L\lid06_cp026_hm.out,4.0,1.0,6.0
26,C:\Users\achantv\Desktop\S7\HM\D6\LT\A6_L\lid06_cp027_hm.out,4.0,1.0,11.0
27,C:\Users\achantv\Desktop\S7\HM\D6\LT\A6_L\lid06_cp028_hm.out,5.0,1.0,10.0
28,C:\Users\achantv\Desktop\S7\HM\D6\LT\A6_L\lid06_cp029_hm.out,4.0,1.0,11.0
29,C:\Users\achantv\Desktop\S7\HM\D6\LT\A6_L\lid06_cp030_hm.out,3.0,1.0,11.0
30,C:\Users\achantv\Desktop\S7\HM\D6\LT\A6_L\lid06_cp031_hm.out,9.0,1.0,13.0
31,C:\Users\achantv\Desktop\S7\HM\D6\LT\A6_L\lid06_cp032_hm.out,5.0,1.0,8.0
32,C:\Users\achantv\Desktop\S7\HM\D6\LT\A6_L\lid06_cp033_hm.out,3.0,1.0,10.0
33,C:\Users\achantv\Desktop\S7\HM\D6\LT\A6_L\lid06_cp034_hm.out,3.0,1.0,6.0
34,C:\Users\achantv\Desktop\S7\HM\D6\LT\A6_L\lid06_cp035_hm.out,4.0,1.0,8.0
35,C:\Users\achantv\Desktop\S7\HM\D6\LT\A6_L\lid06_cp036_hm.out,7.0,1.0,10.0
36,C:\Users\achantv\Desktop\S7\HM\D6\LT\A6_L\lid06_cp037_hm.out,4.0,1.0,9.0
37,C:\Users\achantv\Desktop\S7\HM\D6\LT\A6_L\lid06_cp038_hm.out,4.0,1.0,6.0
38,C:\Users\achantv\Desktop\S7\HM\D6\LT\A6_L\lid06_cp039_hm.out,3.0,1.0,10.0
39,C:\Users\achantv\Desktop\S7\HM\D6\LT\A6_L\lid06_cp040_hm.out,4.0,1.0,11.0
40,C:\Users\achantv\Desktop\S7\HM\D6\LT\A6_L\lid06_cp041_hm.out,4.0,1.0,6.0
41,C:\Users\achantv\Desktop\S7\HM\D6\LT\A6_L\lid06_cp042_hm.out,4.0,1.0,6.0
42,C:\Users\achantv\Desktop\S7\HM\D6\LT\A6_L\lid06_cp043_hm.out,6.0,1.0,7.0
43,C:\Users\achantv\Desktop\S7\HM\D6\LT\A6_L\lid06_cp044_hm.out,4.0,1.0,6.0
44,C:\Users\achantv\Desktop\S7\HM\D6\LT\A6_L\lid06_cp045_hm.out,4.0,1.0,6.0
45,C:\Users\achantv\Desktop\S7\HM\D6\LT\A6_L\lid06_cp046_hm.out,4.0,1.0,11.0
46,C:\Users\achantv\Desktop\S7\HM\D6\LT\A6_L\lid06_cp047_hm.out,11.0,1.0,14.0
47,C:\Users\achantv\Desktop\S7\HM\D6\LT\A6_L\lid06_cp048_hm.out,4.0,1.0,6.0
48,C:\Users\achantv\Desktop\S7\HM\D6\LT\A6_L\lid06_cp049_hm.out,3.0,1.0,7.0
49,C:\Users\achantv\Desktop\S7\HM\D6\LT\A6_L\lid06_cp050_hm.out,4.0,1.0,6.0
50,C:\Users\achantv\Desktop\S7\HM\D6\LT\A6_L\lid06_cp051_hm.out,3.0,1.0,9.0
51,C:\Users\achantv\Desktop\S7\HM\D6\LT\A6_L\lid06_cp052_hm.out,4.0,1.0,6.0
52,C:\Users\achantv\Desktop\S7\HM\D6\LT\A6_L\lid06_cp053_hm.out,4.0,1.0,6.0
53,C:\Users\achantv\Desktop\S7\HM\D6\LT\A6_L\lid06_cp054_hm.out,3.0,1.0,11.0
54,C:\Users\achantv\Desktop\S7\HM\D6\LT\A6_L\lid06_cp055_hm.out,4.0,1.0,6.0
55,C:\Users\achantv\Desktop\S7\HM\D6\LT\A6_L\lid06_cp056_hm.out,3.0,1.0,7.0
56,C:\Users\achantv\Desktop\S7\HM\D6\LT\A6_L\lid06_cp057_hm.out,5.0,1.0,7.0
57,C:\Users\achantv\Desktop\S7\HM\D6\LT\A6_L\lid06_cp058_hm.out,5.0,1.0,7.0
58,C:\Users\achantv\Desktop\S7\HM\D6\LT\A6_L\lid06_cp059_hm.out,11.0,1.0,14.0
59,C:\Users\achantv\Desktop\S7\HM\D6\LT\A6_L\lid06_cp060_hm.out,5.0,1.0,7.0
60,C:\Users\achantv\Desktop\S7\HM\D6\LT\A6_L\lid06_cp061_hm.out,4.0,1.0,6.0
61,C:\Users\achantv\Desktop\S7\HM\D6\LT\A6_L\lid06_cp062_hm.out,9.0,1.0,12.0
62,C:\Users\achantv\Desktop\S7\HM\D6\LT\A6_L\lid06_cp063_hm.out,4.0,1.0,7.0
63,C:\Users\achantv\Desktop\S7\HM\D6\LT\A6_L\lid06_cp064_hm.out,3.0,1.0,6.0
64,C:\Users\achantv\Desktop\S7\HM\D6\LT\A6_L\lid06_cp065_hm.out,4.0,1.0,6.0
65,C:\Users\achantv\Desktop\S7\HM\D6\LT\A6_L\lid06_cp066_hm.out,6.0,1.0,11.0
66,C:\Users\achantv\Desktop\S7\HM\D6\LT\A6_L\lid06_cp067_hm.out,8.0,1.0,9.0
67,C:\Users\achantv\Desktop\S7\HM\D6\LT\A6_L\lid06_cp068_hm.out,3.0,1.0,8.0
68,C:\Users\achantv\Desktop\S7\HM\D6\LT\A6_L\lid06_cp069_hm.out,6.0,1.0,13.0
69,C:\Users\achantv\Desktop\S7\HM\D6\LT\A6_L\lid06_cp070_hm.out,9.0,1.0,12.0
70,C:\Users\achantv\Desktop\S7\HM\D6\LT\A6_L\lid06_cp071_hm.out,3.0,1.0,11.0
71,C:\Users\achantv\Desktop\S7\HM\D6\LT\A6_L\lid06_cp072_hm.out,11.0,1.0,14.0
72,C:\Users\achantv\Desktop\S7\HM\D6\LT\A6_L\lid06_cp073_hm.out,4.0,1.0,6.0
73,C:\Users\achantv\Desktop\S7\HM\D6\LT\A6_L\lid06_cp074_hm.out,4.0,1.0,6.0
74,C:\Users\achantv\Desktop\S7\HM\D6\LT\A6_L\lid06_cp075_hm.out,3.0,1.0,6.0
75,C:\Users\achantv\Desktop\S7\HM\D6\LT\A6_L\lid06_cp076_hm.out,3.0,1.0,9.0
76,C:\Users\achantv\Desktop\S7\HM\D6\LT\A6_L\lid06_cp077_hm.out,3.0,1.0,6.0
77,C:\Users\achantv\Desktop\S7\HM\D6\LT\A6_L\lid06_cp078_hm.out,3.0,1.0,6.0
78,C:\Users\achantv\Desktop\S7\HM\D6\LT\A6_L\lid06_cp079_hm.out,3.0,1.0,6.0
79,C:\Users\achantv\Desktop\S7\HM\D6\LT\A6_L\lid06_cp080_hm.out,6.0,1.0,11.0
80,C:\Users\achantv\Desktop\S7\HM\D6\LT\A6_L\lid06_cp081_hm.out,3.0,1.0,6.0
81,C:\Users\achantv\Desktop\S7\HM\D6\LT\A6_L\lid06_cp082_hm.out,7.0,1.0,9.0
82,C:\Users\achantv\Desktop\S7\HM\D6\LT\A6_L\lid06_cp083_hm.out,5.0,1.0,12.0
83,C:\Users\achantv\Desktop\S7\HM\D6\LT\A6_L\lid06_cp084_hm.out,4.0,1.0,6.0
84,C:\Users\achantv\Desktop\S7\HM\D6\LT\A6_L\lid06_cp085_hm.out,5.0,1.0,12.0
85,C:\Users\achantv\Desktop\S7\HM\D6\LT\A6_L\lid06_cp086_hm.out,8.0,1.0,10.0
86,C:\Users\achantv\Desktop\S7\HM\D6\LT\A6_L\lid06_cp087_hm.out,12.0,1.0,18.0
87,C:\Users\achantv\Desktop\S7\HM\D6\LT\A6_L\lid06_cp088_hm.out,5.0,1.0,6.0
88,C:\Users\achantv\Desktop\S7\HM\D6\LT\A6_L\lid06_cp089_hm.out,3.0,1.0,6.0
89,C:\Users\achantv\Desktop\S7\HM\D6\LT\A6_L\lid06_cp090_hm.out,4.0,1.0,7.0
90,C:\Users\achantv\Desktop\S7\HM\D6\LT\A6_L\lid06_cp091_hm.out,8.0,1.0,9.0
91,C:\Users\achantv\Desktop\S7\HM\D6\LT\A6_L\lid06_cp092_hm.out,4.0,1.0,6.0
92,C:\Users\achantv\Desktop\S7\HM\D6\LT\A6_L\lid06_cp093_hm.out,5.0,1.0,10.0
93,C:\Users\achantv\Desktop\S7\HM\D6\LT\A6_L\lid06_cp094_hm.out,7.0,1.0,13.0
94,C:\Users\achantv\Desktop\S7\HM\D6\LT\A6_L\lid06_cp095_hm.out,7.0,1.0,9.0
95,C:\Users\achantv\Desktop\S7\HM\D6\LT\A6_L\lid06_cp096_hm.out,10.0,1.0,13.0
96,C:\Users\achantv\Desktop\S7\HM\D6\LT\A6_L\lid06_cp097_hm.out,4.0,1.0,5.0
97,C:\Users\achantv\Desktop\S7\HM\D6\LT\A6_L\lid06_cp098_hm.out,6.0,1.0,7.0
98,C:\Users\achantv\Desktop\S7\HM\D6\LT\A6_L\lid06_cp099_hm.out,4.0,1.0,10.0
99,C:\Users\achantv\Desktop\S7\HM\D6\LT\A6_L\lid06_cp100_hm.out,3.0,1.0,10.0
100,C:\Users\achantv\Desktop\S7\HM\D6\LT\A6_L\lid06_cp101_hm.out,6.0,1.0,10.0
101,C:\Users\achantv\Desktop\S7\HM\D6\LT\A6_L\lid06_cp102_hm.out,7.0,1.0,10.0
102,C:\Users\achantv\Desktop\S7\HM\D6\LT\A6_L\lid06_cp103_hm.out,5.0,1.0,11.0
103,C:\Users\achantv\Desktop\S7\HM\D6\LT\A6_L\lid06_cp104_hm.out,4.0,1.0,6.0
104,C:\Users\achantv\Desktop\S7\HM\D6\LT\A6_L\lid06_cp105_hm.out,4.0,1.0,6.0
105,C:\Users\achantv\Desktop\S7\HM\D6\LT\A6_L\lid06_cp106_hm.out,10.0,1.0,12.0
106,C:\Users\achantv\Desktop\S7\HM\D6\LT\A6_L\lid06_cp107_hm.out,3.0,1.0,10.0
107,C:\Users\achantv\Desktop\S7\HM\D6\LT\A6_L\lid06_cp108_hm.out,9.0,1.0,12.0
108,C:\Users\achantv\Desktop\S7\HM\D6\LT\A6_L\lid06_cp109_hm.out,3.0,1.0,6.0
109,C:\Users\achantv\Desktop\S7\HM\D6\LT\A6_L\lid06_cp110_hm.out,8.0,1.0,11.0
110,C:\Users\achantv\Desktop\S7\HM\D6\LT\A6_L\lid06_cp111_hm.out,5.0,1.0,8.0
111,C:\Users\achantv\Desktop\S7\HM\D6\LT\A6_L\lid06_cp112_hm.out,10.0,1.0,13.0
112,C:\Users\achantv\Desktop\S7\HM\D6\LT\A6_L\lid06_cp113_hm.out,4.0,1.0,11.0
113,C:\Users\achantv\Desktop\S7\HM\D6\LT\A6_L\lid06_cp114_hm.out,5.0,1.0,9.0
114,C:\Users\achantv\Desktop\S7\HM\D6\LT\A6_L\lid06_cp115_hm.out,4.0,1.0,13.0
115,C:\Users\achantv\Desktop\S7\HM\D6\LT\A6_L\lid06_cp116_hm.out,3.0,1.0,10.0
116,C:\Users\achantv\Desktop\S7\HM\D6\LT\A6_L\lid06_cp117_hm.out,8.0,1.0,10.0
117,C:\Users\achantv\Desktop\S7\HM\D6\LT\A6_L\lid06_cp118_hm.out,3.0,1.0,10.0
118,C:\Users\achantv\Desktop\S7\HM\D6\LT\A6_L\lid06_cp119_hm.out,9.0,1.0,11.0
119,C:\Users\achantv\Desktop\S7\HM\D6\LT\A6_L\lid06_cp120_hm.out,11.0,1.0,15.0
120,C:\Users\achantv\Desktop\S7\HM\D6\LT\A6_L\lid06_cp121_hm.out,9.0,1.0,12.0
121,C:\Users\achantv\Desktop\S7\HM\D6\LT\A6_L\lid06_cp122_hm.out,7.0,1.0,10.0
122,C:\Users\achantv\Desktop\S7\HM\D6\LT\A6_L\lid06_cp123_hm.out,9.0,1.0,13.0
123,C:\Users\achantv\Desktop\S7\HM\D6\LT\A6_L\lid06_cp124_hm.out,7.0,1.0,9.0
124,C:\Users\achantv\Desktop\S7\HM\D6\LT\A6_L\lid06_cp125_hm.out,4.0,1.0,6.0
125,C:\Users\achantv\Desktop\S7\HM\D6\LT\A6_L\lid06_cp126_hm.out,5.0,1.0,7.0
126,C:\Users\achantv\Desktop\S7\HM\D6\LT\A6_L\lid06_cp127_hm.out,3.0,1.0,6.0
127,C:\Users\achantv\Desktop\S7\HM\D6\LT\A6_L\lid06_cp128_hm.out,4.0,1.0,9.0
128,C:\Users\achantv\Desktop\S7\HM\D6\LT\A6_L\lid06_cp129_hm.out,5.0,1.0,10.0
129,C:\Users\achantv\Desktop\S7\HM\D6\LT\A6_L\lid06_cp130_hm.out,8.0,1.0,12.0
130,C:\Users\achantv\Desktop\S7\HM\D6\LT\A6_L\lid06_cp131_hm.out,3.0,1.0,9.0
131,C:\Users\achantv\Desktop\S7\HM\D6\LT\A6_L\lid06_cp132_hm.out,6.0,1.0,7.0
132,C:\Users\achantv\Desktop\S7\HM\D6\LT\A6_L\lid06_cp133_hm.out,8.0,1.0,12.0
133,C:\Users\achantv\Desktop\S7\HM\D6\LT\A6_L\lid06_cp134_hm.out,5.0,1.0,9.0
134,C:\Users\achantv\Desktop\S7\HM\D6\LT\A6_L\lid06_cp135_hm.out,4.0,1.0,7.0
135,C:\Users\achantv\Desktop\S7\HM\D6\LT\A6_L\lid06_cp136_hm.out,3.0,1.0,8.0
136,C:\Users\achantv\Desktop\S7\HM\D6\LT\A6_L\lid06_cp137_hm.out,4.0,1.0,6.0
137,C:\Users\achantv\Desktop\S7\HM\D6\LT\A6_L\lid06_cp138_hm.out,3.0,1.0,6.0
138,C:\Users\achantv\Desktop\S7\HM\D6\LT\A6_L\lid06_cp139_hm.out,6.0,1.0,9.0
139,C:\Users\achantv\Desktop\S7\HM\D6\LT\A6_L\lid06_cp140_hm.out,7.0,1.0,10.0
140,C:\Users\achantv\Desktop\S7\HM\D6\LT\A6_L\lid06_cp141_hm.out,6.0,1.0,7.0
141,C:\Users\achantv\Desktop\S7\HM\D6\LT\A6_L\lid06_cp142_hm.out,3.0,1.0,13.0
142,C:\Users\achantv\Desktop\S7\HM\D6\LT\A6_L\lid06_cp143_hm.out,3.0,1.0,6.0
143,C:\Users\achantv\Desktop\S7\HM\D6\LT\A6_L\lid06_cp144_hm.out,6.0,1.0,8.0
144,C:\Users\achantv\Desktop\S7\HM\D6\LT\A6_L\lid06_cp145_hm.out,11.0,1.0,15.0
145,C:\Users\achantv\Desktop\S7\HM\D6\LT\A6_L\lid06_cp146_hm.out,8.0,1.0,11.0
146,C:\Users\achantv\Desktop\S7\HM\D6\LT\A6_L\lid06_cp147_hm.out,10.0,1.0,12.0
147,C:\Users\achantv\Desktop\S7\HM\D6\LT\A6_L\lid06_cp148_hm.out,7.0,1.0,9.0
148,C:\Users\achantv\Desktop\S7\HM\D6\LT\A6_L\lid06_cp149_hm.out,11.0,1.0,14.0
149,C:\Users\achantv\Desktop\S7\HM\D6\LT\A6_L\lid06_cp150_hm.out,10.0,1.0,13.0
150,C:\Users\achantv\Desktop\S7\HM\D6\LT\A6_L\lid06_cp151_hm.out,10.0,1.0,13.0
151,C:\Users\achantv\Desktop\S7\HM\D6\LT\A6_L\lid06_cp152_hm.out,11.0,1.0,15.0
152,C:\Users\achantv\Desktop\S7\HM\D6\LT\A6_L\lid06_cp153_hm.out,6.0,1.0,9.0
153,C:\Users\achantv\Desktop\S7\HM\D6\LT\A6_L\lid06_cp154_hm.out,7.0,1.0,13.0
154,C:\Users\achantv\Desktop\S7\HM\D6\LT\A6_L\lid06_cp155_hm.out,5.0,1.0,8.0
155,C:\Users\achantv\Desktop\S7\HM\D6\LT\A6_L\lid06_cp156_hm.out,11.0,1.0,13.0
156,C:\Users\achantv\Desktop\S7\HM\D6\LT\A6_L\lid06_cp157_hm.out,3.0,1.0,6.0
157,C:\Users\achantv\Desktop\S7\HM\D6\LT\A6_L\lid06_cp158_hm.out,10.0,1.0,12.0
158,C:\Users\achantv\Desktop\S7\HM\D6\LT\A6_L\lid06_cp159_hm.out,12.0,1.0,16.0
159,C:\Users\achantv\Desktop\S7\HM\D6\LT\A6_L\lid06_cp160_hm.out,11.0,1.0,15.0
160,C:\Users\achantv\Desktop\S7\HM\D6\LT\A6_L\lid06_cp161_hm.out,8.0,1.0,16.0
161,C:\Users\achantv\Desktop\S7\HM\D6\LT\A6_L\lid06_cp162_hm.out,8.0,1.0,11.0
162,C:\Users\achantv\Desktop\S7\HM\D6\LT\A6_L\lid06_cp163_hm.out,6.0,1.0,8.0
163,C:\Users\achantv\Desktop\S7\HM\D6\LT\A6_L\lid06_cp164_hm.out,11.0,1.0,13.0
164,C:\Users\achantv\Desktop\S7\HM\D6\LT\A6_L\lid06_cp165_hm.out,8.0,1.0,10.0
165,C:\Users\achantv\Desktop\S7\HM\D6\LT\A6_L\lid06_cp166_hm.out,6.0,1.0,10.0
166,C:\Users\achantv\Desktop\S7\HM\D6\LT\A6_L\lid06_cp167_hm.out,9.0,1.0,12.0
167,C:\Users\achantv\Desktop\S7\HM\D6\LT\A6_L\lid06_cp168_hm.out,4.0,1.0,6.0
168,C:\Users\achantv\Desktop\S7\HM\D6\LT\A6_L\lid06_cp169_hm.out,10.0,1.0,13.0
169,C:\Users\achantv\Desktop\S7\HM\D6\LT\A6_L\lid06_cp170_hm.out,9.0,1.0,15.0
170,C:\Users\achantv\Desktop\S7\HM\D6\LT\A6_L\lid06_cp171_hm.out,6.0,1.0,10.0
171,C:\Users\achantv\Desktop\S7\HM\D6\LT\A6_L\lid06_cp172_hm.out,3.0,1.0,5.0
172,C:\Users\achantv\Desktop\S7\HM\D6\LT\A6_L\lid06_cp173_hm.out,6.0,1.0,10.0
173,C:\Users\achantv\Desktop\S7\HM\D6\LT\A6_L\lid06_cp174_hm.out,4.0,1.0,7.0
174,C:\Users\achantv\Desktop\S7\HM\D6\LT\A6_L\lid06_cp175_hm.out,10.0,1.0,13.0
175,C:\Users\achantv\Desktop\S7\HM\D6\LT\A6_L\lid06_cp176_hm.out,7.0,1.0,10.0
176,C:\Users\achantv\Desktop\S7\HM\D6\LT\A6_L\lid06_cp177_hm.out,8.0,1.0,10.0
177,C:\Users\achantv\Desktop\S7\HM\D6\LT\A6_L\lid06_cp178_hm.out,6.0,1.0,7.0
178,C:\Users\achantv\Desktop\S7\HM\D6\LT\A6_L\lid06_cp179_hm.out,5.0,1.0,9.0
179,C:\Users\achantv\Desktop\S7\HM\D6\LT\A6_L\lid06_cp180_hm.out,6.0,1.0,10.0
180,C:\Users\achantv\Desktop\S7\HM\D6\LT\A6_L\lid06_cp181_hm.out,4.0,1.0,8.0
181,C:\Users\achantv\Desktop\S7\HM\D6\LT\A6_L\lid06_cp182_hm.out,4.0,1.0,10.0
182,C:\Users\achantv\Desktop\S7\HM\D6\LT\A6_L\lid06_cp183_hm.out,4.0,1.0,6.0
183,C:\Users\achantv\Desktop\S7\HM\D6\LT\A6_L\lid06_cp184_hm.out,5.0,1.0,9.0
184,C:\Users\achantv\Desktop\S7\HM\D6\LT\A6_L\lid06_cp185_hm.out,6.0,1.0,8.0
185,C:\Users\achantv\Desktop\S7\HM\D6\LT\A6_L\lid06_cp186_hm.out,7.0,1.0,10.0
186,C:\Users\achantv\Desktop\S7\HM\D6\LT\A6_L\lid06_cp187_hm.out,10.0,1.0,12.0
187,C:\Users\achantv\Desktop\S7\HM\D6\LT\A6_L\lid06_cp188_hm.out,4.0,1.0,6.0
188,C:\Users\achantv\Desktop\S7\HM\D6\LT\A6_L\lid06_cp189_hm.out,6.0,1.0,7.0
189,C:\Users\achantv\Desktop\S7\HM\D6\LT\A6_L\lid06_cp190_hm.out,10.0,1.0,14.0
190,C:\Users\achantv\Desktop\S7\HM\D6\LT\A6_L\lid06_cp191_hm.out,12.0,1.0,15.0
191,C:\Users\achantv\Desktop\S7\HM\D6\LT\A6_L\lid06_cp192_hm.out,5.0,1.0,10.0
192,C:\Users\achantv\Desktop\S7\HM\D6\LT\A6_L\lid06_cp193_hm.out,8.0,1.0,11.0
193,C:\Users\achantv\Desktop\S7\HM\D6\LT\A6_L\lid06_cp194_hm.out,8.0,1.0,10.0
194,C:\Users\achantv\Desktop\S7\HM\D6\LT\A6_L\lid06_cp195_hm.out,6.0,1.0,7.0
195,C:\Users\achantv\Desktop\S7\HM\D6\LT\A6_L\lid06_cp196_hm.out,5.0,1.0,8.0
196,C:\Users\achantv\Desktop\S7\HM\D6\LT\A6_L\lid06_cp197_hm.out,4.0,1.0,5.0
197,C:\Users\achantv\Desktop\S7\HM\D6\LT\A6_L\lid06_cp198_hm.out,4.0,1.0,5.0
198,C:\Users\achantv\Desktop\S7\HM\D6\LT\A6_L\lid06_cp199_hm.out,4.0,1.0,11.0
199,C:\Users\achantv\Desktop\S7\HM\D6\LT\A6_L\lid06_cp200_hm.out,4.0,1.0,10.0
200,C:\Users\achantv\Desktop\S7\HM\D6\LT\A6_L\lid06_cp201_hm.out,7.0,1.0,8.0
201,C:\Users\achantv\Desktop\S7\HM\D6\LT\A6_L\lid06_cp202_hm.out,10.0,1.0,13.0
202,C:\Users\achantv\Desktop\S7\HM\D6\LT\A6_L\lid06_cp203_hm.out,9.0,1.0,11.0
203,C:\Users\achantv\Desktop\S7\HM\D6\LT\A6_L\lid06_cp204_hm.out,3.0,1.0,9.0
204,C:\Users\achantv\Desktop\S7\HM\D6\LT\A6_L\lid06_cp205_hm.out,6.0,1.0,8.0
205,C:\Users\achantv\Desktop\S7\HM\D6\LT\A6_L\lid06_cp206_hm.out,4.0,1.0,5.0
206,C:\Users\achantv\Desktop\S7\HM\D6\LT\A6_L\lid06_cp207_hm.out,6.0,1.0,12.0
207,C:\Users\achantv\Desktop\S7\HM\D6\LT\A6_L\lid06_cp208_hm.out,5.0,1.0,8.0
208,C:\Users\achantv\Desktop\S7\HM\D6\LT\A6_L\lid06_cp209_hm.out,5.0,1.0,7.0
209,C:\Users\achantv\Desktop\S7\HM\D6\LT\A6_L\lid06_cp210_hm.out,4.0,1.0,8.0
210,C:\Users\achantv\Desktop\S7\HM\D6\LT\A6_L\lid06_cp211_hm.out,10.0,1.0,12.0
211,C:\Users\achantv\Desktop\S7\HM\D6\LT\A6_L\lid06_cp212_hm.out,12.0,1.0,16.0
212,C:\Users\achantv\Desktop\S7\HM\D6\LT\A6_L\lid06_cp213_hm.out,4.0,1.0,8.0
213,C:\Users\achantv\Desktop\S7\HM\D6\LT\A6_L\lid06_cp214_hm.out,8.0,1.0,11.0
214,C:\Users\achantv\Desktop\S7\HM\D6\LT\A6_L\lid06_cp215_hm.out,6.0,1.0,10.0
215,C:\Users\achantv\Desktop\S7\HM\D6\LT\A6_L\lid06_cp216_hm.out,10.0,1.0,15.0
216,C:\Users\achantv\Desktop\S7\HM\D6\LT\A6_L\lid06_cp217_hm.out,5.0,1.0,10.0
217,C:\Users\achantv\Desktop\S7\HM\D6\LT\A6_L\lid06_cp218_hm.out,5.0,1.0,7.0
218,C:\Users\achantv\Desktop\S7\HM\D6\LT\A6_L\lid06_cp219_hm.out,6.0,1.0,8.0
219,C:\Users\achantv\Desktop\S7\HM\D6\LT\A6_L\lid06_cp220_hm.out,5.0,1.0,7.0
220,C:\Users\achantv\Desktop\S7\HM\D6\LT\A6_L\lid06_cp221_hm.out,5.0,1.0,10.0
221,C:\Users\achantv\Desktop\S7\HM\D6\LT\A6_L\lid06_cp222_hm.out,3.0,1.0,6.0
222,C:\Users\achantv\Desktop\S7\HM\D6\LT\A6_L\lid06_cp223_hm.out,3.0,1.0,7.0
223,C:\Users\achantv\Desktop\S7\HM\D6\LT\A6_L\lid06_cp224_hm.out,10.0,1.0,13.0
224,C:\Users\achantv\Desktop\S7\HM\D6\LT\A6_L\lid06_cp225_hm.out,4.0,1.0,10.0
225,C:\Users\achantv\Desktop\S7\HM\D6\LT\A6_L\lid06_cp226_hm.out,9.0,1.0,11.0
226,C:\Users\achantv\Desktop\S7\HM\D6\LT\A6_L\lid06_cp227_hm.out,11.0,1.0,14.0
227,C:\Users\achantv\Desktop\S7\HM\D6\LT\A6_L\lid06_cp228_hm.out,4.0,1.0,9.0
228,C:\Users\achantv\Desktop\S7\HM\D6\LT\A6_L\lid06_cp229_hm.out,10.0,1.0,13.0
229,C:\Users\achantv\Desktop\S7\HM\D6\LT\A6_L\lid06_cp230_hm.out,11.0,1.0,14.0
230,C:\Users\achantv\Desktop\S7\HM\D6\LT\A6_L\lid06_cp231_hm.out,4.0,1.0,11.0
231,C:\Users\achantv\Desktop\S7\HM\D6\LT\A6_L\lid06_cp232_hm.out,4.0,1.0,7.0
232,C:\Users\achantv\Desktop\S7\HM\D6\LT\A6_L\lid06_cp233_hm.out,7.0,1.0,9.0
233,C:\Users\achantv\Desktop\S7\HM\D6\LT\A6_L\lid06_cp234_hm.out,3.0,1.0,10.0
234,C:\Users\achantv\Desktop\S7\HM\D6\LT\A6_L\lid06_cp235_hm.out,12.0,1.0,16.0
235,C:\Users\achantv\Desktop\S7\HM\D6\LT\A6_L\lid06_cp236_hm.out,11.0,1.0,14.0
236,C:\Users\achantv\Desktop\S7\HM\D6\LT\A6_L\lid06_cp237_hm.out,10.0,1.0,13.0
237,C:\Users\achantv\Desktop\S7\HM\D6\LT\A6_L\lid06_cp238_hm.out,6.0,1.0,9.0
238,C:\Users\achantv\Desktop\S7\HM\D6\LT\A6_L\lid06_cp239_hm.out,4.0,1.0,7.0
239,C:\Users\achantv\Desktop\S7\HM\D6\LT\A6_L\lid06_cp240_hm.out,9.0,1.0,11.0
240,C:\Users\achantv\Desktop\S7\HM\D6\LT\A6_L\lid06_cp241_hm.out,6.0,1.0,8.0
241,C:\Users\achantv\Desktop\S7\HM\D6\LT\A6_L\lid06_cp242_hm.out,4.0,1.0,6.0
242,C:\Users\achantv\Desktop\S7\HM\D6\LT\A6_L\lid06_cp243_hm.out,10.0,1.0,12.0
243,C:\Users\achantv\Desktop\S7\HM\D6\LT\A6_L\lid06_cp244_hm.out,6.0,1.0,10.0
244,C:\Users\achantv\Desktop\S7\HM\D6\LT\A6_L\lid06_cp245_hm.out,8.0,1.0,15.0
245,C:\Users\achantv\Desktop\S7\HM\D6\LT\A6_L\lid06_cp246_hm.out,3.0,1.0,7.0
246,C:\Users\achantv\Desktop\S7\HM\D6\LT\A6_L\lid06_cp247_hm.out,12.0,1.0,16.0
247,C:\Users\achantv\Desktop\S7\HM\D6\LT\A6_L\lid06_cp248_hm.out,4.0,1.0,9.0
248,C:\Users\achantv\Desktop\S7\HM\D6\LT\A6_L\lid06_cp249_hm.out,9.0,1.0,12.0
249,C:\Users\achantv\Desktop\S7\HM\D6\LT\A6_L\lid06_cp250_hm.out,8.0,1.0,10.0
250,C:\Users\achantv\Desktop\S7\HM\D6\LT\A6_L\lid06_cp251_hm.out,4.0,1.0,9.0
251,C:\Users\achantv\Desktop\S7\HM\D6\LT\A6_L\lid06_cp252_hm.out,12.0,1.0,15.0
252,C:\Users\achantv\Desktop\S7\HM\D6\LT\A6_L\lid06_cp253_hm.out,7.0,1.0,16.0
253,C:\Users\achantv\Desktop\S7\HM\D6\LT\A6_L\lid06_cp254_hm.out,8.0,1.0,10.0
254,C:\Users\achantv\Desktop\S7\HM\D6\LT\A6_L\lid06_cp255_hm.out,7.0,1.0,9.0
255,C:\Users\achantv\Desktop\S7\HM\D6\LT\A6_L\lid06_cp256_hm.out,8.0,1.0,11.0
256,C:\Users\achantv\Desktop\S7\HM\D6\LT\A6_L\lid06_cp257_hm.out,5.0,1.0,9.0
257,C:\Users\achantv\Desktop\S7\HM\D6\LT\A6_L\lid06_cp258_hm.out,5.0,1.0,8.0
258,C:\Users\achantv\Desktop\S7\HM\D6\LT\A6_L\lid06_cp259_hm.out,9.0,1.0,12.0
259,C:\Users\achantv\Desktop\S7\HM\D6\LT\A6_L\lid06_cp260_hm.out,4.0,1.0,10.0
260,C:\Users\achantv\Desktop\S7\HM\D6\LT\A6_L\lid06_cp261_hm.out,9.0,1.0,12.0
261,C:\Users\achantv\Desktop\S7\HM\D6\LT\A6_L\lid06_cp262_hm.out,4.0,1.0,10.0
262,C:\Users\achantv\Desktop\S7\HM\D6\LT\A6_L\lid06_cp263_hm.out,4.0,1.0,7.0
263,C:\Users\achantv\Desktop\S7\HM\D6\LT\A6_L\lid06_cp264_hm.out,4.0,1.0,11.0
264,C:\Users\achantv\Desktop\S7\HM\D6\LT\A6_L\lid06_cp265_hm.out,4.0,1.0,6.0
265,C:\Users\achantv\Desktop\S7\HM\D6\LT\A6_L\lid06_cp266_hm.out,11.0,1.0,14.0
266,C:\Users\achantv\Desktop\S7\HM\D6\LT\A6_L\lid06_cp267_hm.out,7.0,1.0,12.0
267,C:\Users\achantv\Desktop\S7\HM\D6\LT\A6_L\lid06_cp268_hm.out,7.0,1.0,14.0
268,C:\Users\achantv\Desktop\S7\HM\D6\LT\A6_L\lid06_cp269_hm.out,10.0,1.0,12.0
269,C:\Users\achantv\Desktop\S7\HM\D6\LT\A6_L\lid06_cp270_hm.out,3.0,1.0,7.0
270,C:\Users\achantv\Desktop\S7\HM\D6\LT\A6_L\lid06_cp271_hm.out,4.0,1.0,12.0
271,C:\Users\achantv\Desktop\S7\HM\D6\LT\A6_L\lid06_cp272_hm.out,6.0,1.0,13.0
272,C:\Users\achantv\Desktop\S7\HM\D6\LT\A6_L\lid06_cp273_hm.out,9.0,1.0,12.0
273,C:\Users\achantv\Desktop\S7\HM\D6\LT\A6_L\lid06_cp274_hm.out,7.0,1.0,9.0
274,C:\Users\achantv\Desktop\S7\HM\D6\LT\A6_L\lid06_cp275_hm.out,4.0,1.0,8.0
275,C:\Users\achantv\Desktop\S7\HM\D6\LT\A6_L\lid06_cp276_hm.out,10.0,1.0,12.0
276,C:\Users\achantv\Desktop\S7\HM\D6\LT\A6_L\lid06_cp277_hm.out,4.0,1.0,6.0
277,C:\Users\achantv\Desktop\S7\HM\D6\LT\A6_L\lid06_cp278_hm.out,6.0,1.0,13.0
278,C:\Users\achantv\Desktop\S7\HM\D6\LT\A6_L\lid06_cp279_hm.out,10.0,1.0,13.0
279,C:\Users\achantv\Desktop\S7\HM\D6\LT\A6_L\lid06_cp280_hm.out,23.0,1.0,29.0
280,C:\Users\achantv\Desktop\S7\HM\D6\LT\A6_L\lid06_cp281_hm.out,5.0,1.0,15.0
281,C:\Users\achantv\Desktop\S7\HM\D6\LT\A6_L\lid06_cp282_hm.out,4.0,1.0,9.0
282,C:\Users\achantv\Desktop\S7\HM\D6\LT\A6_L\lid06_cp283_hm.out,4.0,1.0,5.0
283,C:\Users\achantv\Desktop\S7\HM\D6\LT\A6_L\lid06_cp284_hm.out,4.0,1.0,10.0
284,C:\Users\achantv\Desktop\S7\HM\D6\LT\A6_L\lid06_cp285_hm.out,6.0,1.0,11.0
285,C:\Users\achantv\Desktop\S7\HM\D6\LT\A6_L\lid06_cp286_hm.out,3.0,1.0,9.0
286,C:\Users\achantv\Desktop\S7\HM\D6\LT\A6_L\lid06_cp287_hm.out,11.0,1.0,14.0
287,C:\Users\achantv\Desktop\S7\HM\D6\LT\A6_L\lid06_cp288_hm.out,10.0,1.0,12.0
288,C:\Users\achantv\Desktop\S7\HM\D6\LT\A6_L\lid06_cp289_hm.out,7.0,1.0,10.0
289,C:\Users\achantv\Desktop\S7\HM\D6\LT\A6_L\lid06_cp290_hm.out,7.0,1.0,10.0
290,C:\Users\achantv\Desktop\S7\HM\D6\LT\A6_L\lid06_cp291_hm.out,4.0,1.0,11.0
291,C:\Users\achantv\Desktop\S7\HM\D6\LT\A6_L\lid06_cp292_hm.out,5.0,1.0,15.0
292,C:\Users\achantv\Desktop\S7\HM\D6\LT\A6_L\lid06_cp293_hm.out,5.0,1.0,7.0
293,C:\Users\achantv\Desktop\S7\HM\D6\LT\A6_L\lid06_cp294_hm.out,12.0,1.0,19.0
294,C:\Users\achantv\Desktop\S7\HM\D6\LT\A6_L\lid06_cp295_hm.out,3.0,1.0,5.0
295,C:\Users\achantv\Desktop\S7\HM\D6\LT\A6_L\lid06_cp296_hm.out,3.0,1.0,5.0
296,C:\Users\achantv\Desktop\S7\HM\D6\LT\A6_L\lid06_cp297_hm.out,4.0,1.0,10.0
297,C:\Users\achantv\Desktop\S7\HM\D6\LT\A6_L\lid06_cp298_hm.out,9.0,1.0,12.0
298,C:\Users\achantv\Desktop\S7\HM\D6\LT\A6_L\lid06_cp299_hm.out,11.0,1.0,13.0
299,C:\Users\achantv\Desktop\S7\HM\D6\LT\A6_L\lid06_cp300_hm.out,11.0,1.0,16.0
300,C:\Users\achantv\Desktop\S7\HM\D6\LT\A6_L\lid06_cp301_hm.out,5.0,1.0,8.0
301,C:\Users\achantv\Desktop\S7\HM\D6\LT\A6_L\lid06_cp302_hm.out,13.0,1.0,17.0
302,C:\Users\achantv\Desktop\S7\HM\D6\LT\A6_L\lid06_cp303_hm.out,4.0,1.0,10.0
303,C:\Users\achantv\Desktop\S7\HM\D6\LT\A6_L\lid06_cp304_hm.out,2.0,1.0,10.0
304,C:\Users\achantv\Desktop\S7\HM\D6\LT\A6_L\lid06_cp305_hm.out,10.0,1.0,18.0
305,C:\Users\achantv\Desktop\S7\HM\D6\LT\A6_L\lid06_cp306_hm.out,11.0,1.0,15.0
306,C:\Users\achantv\Desktop\S7\HM\D6\LT\A6_L\lid06_cp307_hm.out,9.0,1.0,11.0
307,C:\Users\achantv\Desktop\S7\HM\D6\LT\A6_L\lid06_cp308_hm.out,9.0,1.0,11.0
308,C:\Users\achantv\Desktop\S7\HM\D6\LT\A6_L\lid06_cp309_hm.out,11.0,1.0,14.0
309,C:\Users\achantv\Desktop\S7\HM\D6\LT\A6_L\lid06_cp310_hm.out,5.0,1.0,9.0
310,C:\Users\achantv\Desktop\S7\HM\D6\LT\A6_L\lid06_cp311_hm.out,5.0,1.0,8.0
311,C:\Users\achantv\Desktop\S7\HM\D6\LT\A6_L\lid06_cp312_hm.out,5.0,1.0,6.0
312,C:\Users\achantv\Desktop\S7\HM\D6\LT\A6_L\lid06_cp313_hm.out,11.0,1.0,14.0
313,C:\Users\achantv\Desktop\S7\HM\D6\LT\A6_L\lid06_cp314_hm.out,3.0,1.0,5.0
314,C:\Users\achantv\Desktop\S7\HM\D6\LT\A6_L\lid06_cp315_hm.out,3.0,1.0,10.0
315,C:\Users\achantv\Desktop\S7\HM\D6\LT\A6_L\lid06_cp316_hm.out,6.0,1.0,8.0
316,C:\Users\achantv\Desktop\S7\HM\D6\LT\A6_L\lid06_cp317_hm.out,13.0,1.0,19.0
317,C:\Users\achantv\Desktop\S7\HM\D6\LT\A6_L\lid06_cp318_hm.out,13.0,1.0,18.0
318,C:\Users\achantv\Desktop\S7\HM\D6\LT\A6_L\lid06_cp319_hm.out,7.0,1.0,9.0
319,C:\Users\achantv\Desktop\S7\HM\D6\LT\A6_L\lid06_cp320_hm.out,4.0,1.0,8.0
320,C:\Users\achantv\Desktop\S7\HM\D6\LT\A6_L\lid06_cp321_hm.out,3.0,1.0,16.0
321,C:\Users\achantv\Desktop\S7\HM\D6\LT\A6_L\lid06_cp322_hm.out,10.0,1.0,13.0
322,C:\Users\achantv\Desktop\S7\HM\D6\LT\A6_L\lid06_cp323_hm.out,10.0,1.0,14.0
323,C:\Users\achantv\Desktop\S7\HM\D6\LT\A6_L\lid06_cp324_hm.out,4.0,1.0,6.0
324,C:\Users\achantv\Desktop\S7\HM\D6\LT\A6_L\lid06_cp325_hm.out,11.0,1.0,16.0
325,C:\Users\achantv\Desktop\S7\HM\D6\LT\A6_L\lid06_cp326_hm.out,13.0,1.0,19.0
326,C:\Users\achantv\Desktop\S7\HM\D6\LT\A6_L\lid06_cp327_hm.out,4.0,1.0,10.0
327,C:\Users\achantv\Desktop\S7\HM\D6\LT\A6_L\lid06_cp328_hm.out,11.0,1.0,15.0
328,C:\Users\achantv\Desktop\S7\HM\D6\LT\A6_L\lid06_cp329_hm.out,8.0,1.0,12.0
329,C:\Users\achantv\Desktop\S7\HM\D6\LT\A6_L\lid06_cp330_hm.out,9.0,1.0,12.0
330,C:\Users\achantv\Desktop\S7\HM\D6\LT\A6_L\lid06_cp331_hm.out,4.0,1.0,6.0
331,C:\Users\achantv\Desktop\S7\HM\D6\LT\A6_L\lid06_cp332_hm.out,5.0,1.0,11.0
332,C:\Users\achantv\Desktop\S7\HM\D6\LT\A6_L\lid06_cp333_hm.out,10.0,1.0,13.0
333,C:\Users\achantv\Desktop\S7\HM\D6\LT\A6_L\lid06_cp334_hm.out,9.0,1.0,12.0
334,C:\Users\achantv\Desktop\S7\HM\D6\LT\A6_L\lid06_cp335_hm.out,7.0,1.0,10.0
335,C:\Users\achantv\Desktop\S7\HM\D6\LT\A6_L\lid06_cp336_hm.out,8.0,1.0,12.0
336,C:\Users\achantv\Desktop\S7\HM\D6\LT\A6_L\lid06_cp337_hm.out,12.0,1.0,15.0
337,C:\Users\achantv\Desktop\S7\HM\D6\LT\A6_L\lid06_cp338_hm.out,6.0,1.0,9.0
338,C:\Users\achantv\Desktop\S7\HM\D6\LT\A6_L\lid06_cp339_hm.out,4.0,1.0,6.0
339,C:\Users\achantv\Desktop\S7\HM\D6\LT\A6_L\lid06_cp340_hm.out,5.0,1.0,9.0
340,C:\Users\achantv\Desktop\S7\HM\D6\LT\A6_L\lid06_cp341_hm.out,5.0,1.0,7.0
341,C:\Users\achantv\Desktop\S7\HM\D6\LT\A6_L\lid06_cp342_hm.out,4.0,1.0,11.0
342,C:\Users\achantv\Desktop\S7\HM\D6\LT\A6_L\lid06_cp343_hm.out,4.0,1.0,5.0
343,C:\Users\achantv\Desktop\S7\HM\D6\LT\A6_L\lid06_cp344_hm.out,11.0,1.0,16.0
344,C:\Users\achantv\Desktop\S7\HM\D6\LT\A6_L\lid06_cp345_hm.out,8.0,1.0,11.0
345,C:\Users\achantv\Desktop\S7\HM\D6\LT\A6_L\lid06_cp346_hm.out,4.0,1.0,6.0
346,C:\Users\achantv\Desktop\S7\HM\D6\LT\A6_L\lid06_cp347_hm.out,3.0,1.0,10.0
347,C:\Users\achantv\Desktop\S7\HM\D6\LT\A6_L\lid06_cp348_hm.out,7.0,1.0,11.0
348,C:\Users\achantv\Desktop\S7\HM\D6\LT\A6_L\lid06_cp349_hm.out,4.0,1.0,10.0
349,C:\Users\achantv\Desktop\S7\HM\D6\LT\A6_L\lid06_cp350_hm.out,8.0,1.0,11.0
350,C:\Users\achantv\Desktop\S7\HM\D6\LT\A6_L\lid06_cp351_hm.out,6.0,1.0,10.0
351,C:\Users\achantv\Desktop\S7\HM\D6\LT\A6_L\lid06_cp352_hm.out,13.0,1.0,16.0
352,C:\Users\achantv\Desktop\S7\HM\D6\LT\A6_L\lid06_cp353_hm.out,11.0,1.0,13.0
353,C:\Users\achantv\Desktop\S7\HM\D6\LT\A6_L\lid06_cp354_hm.out,6.0,1.0,8.0
354,C:\Users\achantv\Desktop\S7\HM\D6\LT\A6_L\lid06_cp355_hm.out,7.0,1.0,11.0
355,C:\Users\achantv\Desktop\S7\HM\D6\LT\A6_L\lid06_cp356_hm.out,13.0,1.0,17.0
356,C:\Users\achantv\Desktop\S7\HM\D6\LT\A6_L\lid06_cp357_hm.out,5.0,1.0,9.0
357,C:\Users\achantv\Desktop\S7\HM\D6\LT\A6_L\lid06_cp358_hm.out,7.0,1.0,10.0
358,C:\Users\achantv\Desktop\S7\HM\D6\LT\A6_L\lid06_cp359_hm.out,6.0,1.0,8.0
359,C:\Users\achantv\Desktop\S7\HM\D6\LT\A6_L\lid06_cp360_hm.out,9.0,1.0,11.0
360,C:\Users\achantv\Desktop\S7\HM\D6\LT\A6_L\lid06_cp361_hm.out,4.0,1.0,13.0
361,C:\Users\achantv\Desktop\S7\HM\D6\LT\A6_L\lid06_cp362_hm.out,4.0,1.0,10.0
362,C:\Users\achantv\Desktop\S7\HM\D6\LT\A6_L\lid06_cp363_hm.out,5.0,1.0,11.0
363,C:\Users\achantv\Desktop\S7\HM\D6\LT\A6_L\lid06_cp364_hm.out,8.0,1.0,11.0
364,C:\Users\achantv\Desktop\S7\HM\D6\LT\A6_L\lid06_cp365_hm.out,9.0,1.0,11.0
365,C:\Users\achantv\Desktop\S7\HM\D6\LT\A6_L\lid06_cp366_hm.out,10.0,1.0,14.0
366,C:\Users\achantv\Desktop\S7\HM\D6\LT\A6_L\lid06_cp367_hm.out,8.0,1.0,10.0
367,C:\Users\achantv\Desktop\S7\HM\D6\LT\A6_L\lid06_cp368_hm.out,9.0,1.0,13.0
368,C:\Users\achantv\Desktop\S7\HM\D6\LT\A6_L\lid06_cp369_hm.out,17.0,1.0,26.0
369,C:\Users\achantv\Desktop\S7\HM\D6\LT\A6_L\lid06_cp370_hm.out,24.0,1.0,30.0
370,C:\Users\achantv\Desktop\S7\HM\D6\LT\A6_L\lid06_cp371_hm.out,5.0,1.0,9.0
371,C:\Users\achantv\Desktop\S7\HM\D6\LT\A6_L\lid06_cp372_hm.out,14.0,1.0,20.0
372,C:\Users\achantv\Desktop\S7\HM\D6\LT\A6_L\lid06_cp373_hm.out,3.0,1.0,5.0
373,C:\Users\achantv\Desktop\S7\HM\D6\LT\A6_L\lid06_cp374_hm.out,5.0,1.0,16.0
374,C:\Users\achantv\Desktop\S7\HM\D6\LT\A6_L\lid06_cp375_hm.out,9.0,1.0,12.0
375,C:\Users\achantv\Desktop\S7\HM\D6\LT\A6_L\lid06_cp376_hm.out,13.0,1.0,19.0
376,C:\Users\achantv\Desktop\S7\HM\D6\LT\A6_L\lid06_cp377_hm.out,8.0,1.0,11.0
377,C:\Users\achantv\Desktop\S7\HM\D6\LT\A6_L\lid06_cp378_hm.out,4.0,1.0,11.0
378,C:\Users\achantv\Desktop\S7\HM\D6\LT\A6_L\lid06_cp379_hm.out,8.0,1.0,10.0
379,C:\Users\achantv\Desktop\S7\HM\D6\LT\A6_L\lid06_cp380_hm.out,9.0,1.0,11.0
380,C:\Users\achantv\Desktop\S7\HM\D6\LT\A6_L\lid06_cp381_hm.out,7.0,1.0,9.0
381,C:\Users\achantv\Desktop\S7\HM\D6\LT\A6_L\lid06_cp382_hm.out,4.0,1.0,5.0
382,C:\Users\achantv\Desktop\S7\HM\D6\LT\A6_L\lid06_cp383_hm.out,11.0,1.0,22.0
383,C:\Users\achantv\Desktop\S7\HM\D6\LT\A6_L\lid06_cp384_hm.out,6.0,1.0,8.0
384,C:\Users\achantv\Desktop\S7\HM\D6\LT\A6_L\lid06_cp385_hm.out,5.0,1.0,9.0
385,C:\Users\achantv\Desktop\S7\HM\D6\LT\A6_L\lid06_cp386_hm.out,4.0,1.0,5.0
386,C:\Users\achantv\Desktop\S7\HM\D6\LT\A6_L\lid06_cp387_hm.out,8.0,1.0,14.0
387,C:\Users\achantv\Desktop\S7\HM\D6\LT\A6_L\lid06_cp388_hm.out,8.0,1.0,10.0
388,C:\Users\achantv\Desktop\S7\HM\D6\LT\A6_L\lid06_cp389_hm.out,10.0,1.0,13.0
389,C:\Users\achantv\Desktop\S7\HM\D6\LT\A6_L\lid06_cp390_hm.out,9.0,1.0,12.0
390,C:\Users\achantv\Desktop\S7\HM\D6\LT\A6_L\lid06_cp391_hm.out,14.0,1.0,20.0
391,C:\Users\achantv\Desktop\S7\HM\D6\LT\A6_L\lid06_cp392_hm.out,12.0,1.0,18.0
392,C:\Users\achantv\Desktop\S7\HM\D6\LT\A6_L\lid06_cp393_hm.out,6.0,1.0,11.0
393,C:\Users\achantv\Desktop\S7\HM\D6\LT\A6_L\lid06_cp394_hm.out,8.0,1.0,11.0
394,C:\Users\achantv\Desktop\S7\HM\D6\LT\A6_L\lid06_cp395_hm.out,15.0,1.0,23.0
395,C:\Users\achantv\Desktop\S7\HM\D6\LT\A6_L\lid06_cp396_hm.out,20.0,1.0,27.0
396,C:\Users\achantv\Desktop\S7\HM\D6\LT\A6_L\lid06_cp397_hm.out,9.0,1.0,11.0
397,C:\Users\achantv\Desktop\S7\HM\D6\LT\A6_L\lid06_cp398_hm.out,11.0,1.0,14.0
398,C:\Users\achantv\Desktop\S7\HM\D6\LT\A6_L\lid06_cp399_hm.out,5.0,1.0,9.0
399,C:\Users\achantv\Desktop\S7\HM\D6\LT\A6_L\lid06_cp400_hm.out,17.0,1.0,26.0
400,C:\Users\achantv\Desktop\S7\HM\D6\LT\A6_L\lid06_cp401_hm.out,10.0,1.0,12.0
401,C:\Users\achantv\Desktop\S7\HM\D6\LT\A6_L\lid06_cp402_hm.out,3.0,1.0,5.0
402,C:\Users\achantv\Desktop\S7\HM\D6\LT\A6_L\lid06_cp403_hm.out,6.0,1.0,8.0
403,C:\Users\achantv\Desktop\S7\HM\D6\LT\A6_L\lid06_cp404_hm.out,9.0,1.0,12.0
404,C:\Users\achantv\Desktop\S7\HM\D6\LT\A6_L\lid06_cp405_hm.out,4.0,1.0,6.0
405,C:\Users\achantv\Desktop\S7\HM\D6\LT\A6_L\lid06_cp406_hm.out,4.0,1.0,5.0
406,C:\Users\achantv\Desktop\S7\HM\D6\LT\A6_L\lid06_cp407_hm.out,9.0,1.0,11.0
407,C:\Users\achantv\Desktop\S7\HM\D6\LT\A6_L\lid06_cp408_hm.out,3.0,1.0,12.0
408,C:\Users\achantv\Desktop\S7\HM\D6\LT\A6_L\lid06_cp409_hm.out,6.0,1.0,7.0
409,C:\Users\achantv\Desktop\S7\HM\D6\LT\A6_L\lid06_cp410_hm.out,10.0,1.0,12.0
410,C:\Users\achantv\Desktop\S7\HM\D6\LT\A6_L\lid06_cp411_hm.out,8.0,1.0,11.0
411,C:\Users\achantv\Desktop\S7\HM\D6\LT\A6_L\lid06_cp412_hm.out,13.0,1.0,19.0
412,C:\Users\achantv\Desktop\S7\HM\D6\LT\A6_L\lid06_cp413_hm.out,11.0,1.0,14.0
413,C:\Users\achantv\Desktop\S7\HM\D6\LT\A6_L\lid06_cp414_hm.out,5.0,1.0,9.0
414,C:\Users\achantv\Desktop\S7\HM\D6\LT\A6_L\lid06_cp415_hm.out,12.0,1.0,18.0
415,C:\Users\achantv\Desktop\S7\HM\D6\LT\A6_L\lid06_cp416_hm.out,13.0,1.0,19.0
416,C:\Users\achantv\Desktop\S7\HM\D6\LT\A6_L\lid06_cp417_hm.out,5.0,1.0,8.0
417,C:\Users\achantv\Desktop\S7\HM\D6\LT\A6_L\lid06_cp418_hm.out,8.0,1.0,14.0
418,C:\Users\achantv\Desktop\S7\HM\D6\LT\A6_L\lid06_cp419_hm.out,17.0,1.0,25.0
419,C:\Users\achantv\Desktop\S7\HM\D6\LT\A6_L\lid06_cp420_hm.out,14.0,1.0,20.0
420,C:\Users\achantv\Desktop\S7\HM\D6\LT\A6_L\lid06_cp421_hm.out,10.0,1.0,13.0
421,C:\Users\achantv\Desktop\S7\HM\D6\LT\A6_L\lid06_cp422_hm.out,6.0,1.0,7.0
422,C:\Users\achantv\Desktop\S7\HM\D6\LT\A6_L\lid06_cp423_hm.out,7.0,1.0,8.0
423,C:\Users\achantv\Desktop\S7\HM\D6\LT\A6_L\lid06_cp424_hm.out,12.0,1.0,16.0
424,C:\Users\achantv\Desktop\S7\HM\D6\LT\A6_L\lid06_cp425_hm.out,15.0,1.0,21.0
425,C:\Users\achantv\Desktop\S7\HM\D6\LT\A6_L\lid06_cp426_hm.out,10.0,1.0,13.0
426,C:\Users\achantv\Desktop\S7\HM\D6\LT\A6_L\lid06_cp427_hm.out,8.0,1.0,11.0
427,C:\Users\achantv\Desktop\S7\HM\D6\LT\A6_L\lid06_cp428_hm.out,14.0,1.0,20.0
428,C:\Users\achantv\Desktop\S7\HM\D6\LT\A6_L\lid06_cp429_hm.out,25.0,1.0,30.0
429,C:\Users\achantv\Desktop\S7\HM\D6\LT\A6_L\lid06_cp430_hm.out,12.0,1.0,19.0
430,C:\Users\achantv\Desktop\S7\HM\D6\LT\A6_L\lid06_cp431_hm.out,16.0,1.0,25.0
431,C:\Users\achantv\Desktop\S7\HM\D6\LT\A6_L\lid06_cp432_hm.out,24.0,1.0,30.0
432,C:\Users\achantv\Desktop\S7\HM\D6\LT\A6_L\lid06_cp433_hm.out,19.0,1.0,26.0
433,C:\Users\achantv\Desktop\S7\HM\D6\LT\A6_L\lid06_cp434_hm.out,2.0,1.0,7.0
434,C:\Users\achantv\Desktop\S7\HM\D6\LT\A6_L\lid06_cp435_hm.out,4.0,1.0,5.0
435,C:\Users\achantv\Desktop\S7\HM\D6\LT\A6_L\lid06_cp436_hm.out,3.0,1.0,5.0
436,C:\Users\achantv\Desktop\S7\HM\D6\LT\A6_L\lid06_cp437_hm.out,7.0,1.0,15.0
437,C:\Users\achantv\Desktop\S7\HM\D6\LT\A6_L\lid06_cp438_hm.out,10.0,1.0,13.0
438,C:\Users\achantv\Desktop\S7\HM\D6\LT\A6_L\lid06_cp439_hm.out,9.0,1.0,12.0
439,C:\Users\achantv\Desktop\S7\HM\D6\LT\A6_L\lid06_cp440_hm.out,9.0,1.0,11.0
440,C:\Users\achantv\Desktop\S7\HM\D6\LT\A6_L\lid06_cp441_hm.out,19.0,1.0,25.0
441,C:\Users\achantv\Desktop\S7\HM\D6\LT\A6_L\lid06_cp442_hm.out,4.0,1.0,10.0
442,C:\Users\achantv\Desktop\S7\HM\D6\LT\A6_L\lid06_cp443_hm.out,6.0,1.0,8.0
443,C:\Users\achantv\Desktop\S7\HM\D6\LT\A6_L\lid06_cp444_hm.out,5.0,1.0,14.0
444,C:\Users\achantv\Desktop\S7\HM\D6\LT\A6_L\lid06_cp445_hm.out,4.0,1.0,9.0
445,C:\Users\achantv\Desktop\S7\HM\D6\LT\A6_L\lid06_cp446_hm.out,2.0,1.0,8.0
446,C:\Users\achantv\Desktop\S7\HM\D6\LT\A6_L\lid06_cp447_hm.out,5.0,1.0,9.0
447,C:\Users\achantv\Desktop\S7\HM\D6\LT\A6_L\lid06_cp448_hm.out,4.0,1.0,13.0
448,C:\Users\achantv\Desktop\S7\HM\D6\LT\A6_L\lid06_cp449_hm.out,2.0,1.0,6.0
449,C:\Users\achantv\Desktop\S7\HM\D6\LT\A6_L\lid06_cp450_hm.out,19.0,1.0,25.0
450,C:\Users\achantv\Desktop\S7\HM\D6\LT\A6_L\lid06_cp451_hm.out,24.0,1.0,29.0
451,C:\Users\achantv\Desktop\S7\HM\D6\LT\A6_L\lid06_cp452_hm.out,4.0,1.0,5.0
452,C:\Users\achantv\Desktop\S7\HM\D6\LT\A6_L\lid06_cp453_hm.out,7.0,1.0,11.0
453,C:\Users\achantv\Desktop\S7\HM\D6\LT\A6_L\lid06_cp454_hm.out,8.0,1.0,11.0
454,C:\Users\achantv\Desktop\S7\HM\D6\LT\A6_L\lid06_cp455_hm.out,10.0,1.0,14.0
455,C:\Users\achantv\Desktop\S7\HM\D6\LT\A6_L\lid06_cp456_hm.out,9.0,1.0,12.0
456,C:\Users\achantv\Desktop\S7\HM\D6\LT\A6_L\lid06_cp457_hm.out,9.0,1.0,12.0
457,C:\Users\achantv\Desktop\S7\HM\D6\LT\A6_L\lid06_cp458_hm.out,11.0,1.0,14.0
458,C:\Users\achantv\Desktop\S7\HM\D6\LT\A6_L\lid06_cp459_hm.out,11.0,1.0,14.0
459,C:\Users\achantv\Desktop\S7\HM\D6\LT\A6_L\lid06_cp460_hm.out,8.0,1.0,10.0
460,C:\Users\achantv\Desktop\S7\HM\D6\LT\A6_L\lid06_cp461_hm.out,6.0,1.0,8.0
461,C:\Users\achantv\Desktop\S7\HM\D6\LT\A6_L\lid06_cp462_hm.out,10.0,1.0,12.0
462,C:\Users\achantv\Desktop\S7\HM\D6\LT\A6_L\lid06_cp463_hm.out,11.0,1.0,14.0
463,C:\Users\achantv\Desktop\S7\HM\D6\LT\A6_L\lid06_cp464_hm.out,6.0,1.0,8.0
464,C:\Users\achantv\Desktop\S7\HM\D6\LT\A6_L\lid06_cp465_hm.out,17.0,1.0,23.0
465,C:\Users\achantv\Desktop\S7\HM\D6\LT\A6_L\lid06_cp466_hm.out,5.0,1.0,9.0
466,C:\Users\achantv\Desktop\S7\HM\D6\LT\A6_L\lid06_cp467_hm.out,6.0,1.0,10.0
467,C:\Users\achantv\Desktop\S7\HM\D6\LT\A6_L\lid06_cp468_hm.out,2.0,1.0,8.0
468,C:\Users\achantv\Desktop\S7\HM\D6\LT\A6_L\lid06_cp469_hm.out,3.0,1.0,5.0
469,C:\Users\achantv\Desktop\S7\HM\D6\LT\A6_L\lid06_cp470_hm.out,6.0,1.0,12.0
470,C:\Users\achantv\Desktop\S7\HM\D6\LT\A6_L\lid06_cp471_hm.out,20.0,1.0,26.0
471,C:\Users\achantv\Desktop\S7\HM\D6\LT\A6_L\lid06_cp472_hm.out,5.0,1.0,7.0
472,C:\Users\achantv\Desktop\S7\HM\D6\LT\A6_L\lid06_cp473_hm.out,2.0,1.0,4.0
473,C:\Users\achantv\Desktop\S7\HM\D6\LT\A6_L\lid06_cp474_hm.out,1.0,1.0,4.0
474,C:\Users\achantv\Desktop\S7\HM\D6\LT\A6_L\lid06_cp475_hm.out,2.0,1.0,4.0
475,C:\Users\achantv\Desktop\S7\HM\D6\LT\A6_L\lid06_cp476_hm.out,3.0,1.0,6.0
476,C:\Users\achantv\Desktop\S7\HM\D6\LT\A6_L\lid06_cp477_hm.out,9.0,1.0,13.0
477,C:\Users\achantv\Desktop\S7\HM\D6\LT\A6_L\lid06_cp478_hm.out,5.0,1.0,14.0
478,C:\Users\achantv\Desktop\S7\HM\D6\LT\A6_L\lid06_cp479_hm.out,7.0,1.0,19.0
479,C:\Users\achantv\Desktop\S7\HM\D6\LT\A6_L\lid06_cp480_hm.out,8.0,1.0,14.0
480,C:\Users\achantv\Desktop\S7\HM\D6\LT\A6_L\lid06_cp481_hm.out,7.0,1.0,12.0
481,C:\Users\achantv\Desktop\S7\HM\D6\LT\A6_L\lid06_cp482_hm.out,15.0,1.0,20.0
482,C:\Users\achantv\Desktop\S7\HM\D6\LT\A6_L\lid06_cp483_hm.out,6.0,1.0,13.0
483,C:\Users\achantv\Desktop\S7\HM\D6\LT\A6_L\lid06_cp484_hm.out,10.0,1.0,12.0
484,C:\Users\achantv\Desktop\S7\HM\D6\LT\A6_L\lid06_cp485_hm.out,17.0,1.0,26.0
485,C:\Users\achantv\Desktop\S7\HM\D6\LT\A6_L\lid06_cp486_hm.out,8.0,1.0,9.0
486,C:\Users\achantv\Desktop\S7\HM\D6\LT\A6_L\lid06_cp487_hm.out,10.0,1.0,12.0
487,C:\Users\achantv\Desktop\S7\HM\D6\LT\A6_L\lid06_cp488_hm.out,6.0,1.0,8.0
488,C:\Users\achantv\Desktop\S7\HM\D6\LT\A6_L\lid06_cp489_hm.out,10.0,1.0,13.0
489,C:\Users\achantv\Desktop\S7\HM\D6\LT\A6_L\lid06_cp490_hm.out,4.0,1.0,6.0
490,C:\Users\achantv\Desktop\S7\HM\D6\LT\A6_L\lid06_cp491_hm.out,5.0,1.0,6.0
491,C:\Users\achantv\Desktop\S7\HM\D6\LT\A6_L\lid06_cp492_hm.out,2.0,1.0,5.0
492,C:\Users\achantv\Desktop\S7\HM\D6\LT\A6_L\lid06_cp493_hm.out,11.0,1.0,13.0
493,C:\Users\achantv\Desktop\S7\HM\D6\LT\A6_L\lid06_cp494_hm.out,11.0,1.0,14.0
494,C:\Users\achantv\Desktop\S7\HM\D6\LT\A6_L\lid06_cp495_hm.out,8.0,1.0,10.0
495,C:\Users\achantv\Desktop\S7\HM\D6\LT\A6_L\lid06_cp496_hm.out,9.0,1.0,11.0
496,C:\Users\achantv\Desktop\S7\HM\D6\LT\A6_L\lid06_cp497_hm.out,3.0,1.0,9.0
497,C:\Users\achantv\Desktop\S7\HM\D6\LT\A6_L\lid06_cp498_hm.out,4.0,1.0,4.0
498,C:\Users\achantv\Desktop\S7\HM\D6\LT\A6_L\lid06_cp499_hm.out,8.0,1.0,12.0
499,C:\Users\achantv\Desktop\S7\HM\D6\LT\A6_L\lid06_cp500_hm.out,11.0,1.0,16.0
500,C:\Users\achantv\Desktop\S7\HM\D6\LT\A6_L\lid06_cp501_hm.out,19.0,1.0,26.0
501,C:\Users\achantv\Desktop\S7\HM\D6\LT\A6_L\lid06_cp502_hm.out,16.0,1.0,22.0
502,C:\Users\achantv\Desktop\S7\HM\D6\LT\A6_L\lid06_cp503_hm.out,3.0,1.0,3.0
503,C:\Users\achantv\Desktop\S7\HM\D6\LT\A6_L\lid06_cp504_hm.out,8.0,1.0,13.0
504,C:\Users\achantv\Desktop\S7\HM\D6\LT\A6_L\lid06_cp505_hm.out,3.0,1.0,4.0
505,C:\Users\achantv\Desktop\S7\HM\D6\LT\A6_L\lid06_cp506_hm.out,11.0,1.0,14.0
506,C:\Users\achantv\Desktop\S7\HM\D6\LT\A6_L\lid06_cp507_hm.out,5.0,1.0,19.0
507,C:\Users\achantv\Desktop\S7\HM\D6\LT\A6_L\lid06_cp508_hm.out,12.0,1.0,17.0
508,C:\Users\achantv\Desktop\S7\HM\D6\LT\A6_L\lid06_cp509_hm.out,3.0,1.0,3.0
509,C:\Users\achantv\Desktop\S7\HM\D6\LT\A6_L\lid06_cp510_hm.out,2.0,1.0,3.0
510,C:\Users\achantv\Desktop\S7\HM\D6\LT\A6_L\lid06_cp511_hm.out,7.0,1.0,11.0
511,C:\Users\achantv\Desktop\S7\HM\D6\LT\A6_L\lid06_cp512_hm.out,4.0,1.0,12.0
512,C:\Users\achantv\Desktop\S7\HM\D6\LT\A6_L\lid06_cp513_hm.out,5.0,1.0,6.0
513,C:\Users\achantv\Desktop\S7\HM\D6\LT\A6_L\lid06_cp514_hm.out,8.0,1.0,10.0
514,C:\Users\achantv\Desktop\S7\HM\D6\LT\A6_L\lid06_cp515_hm.out,8.0,1.0,9.0
515,C:\Users\achantv\Desktop\S7\HM\D6\LT\A6_L\lid06_cp516_hm.out,3.0,1.0,7.0
516,C:\Users\achantv\Desktop\S7\HM\D6\LT\A6_L\lid06_cp517_hm.out,11.0,1.0,15.0
517,C:\Users\achantv\Desktop\S7\HM\D6\LT\A6_L\lid06_cp518_hm.out,10.0,1.0,13.0
518,C:\Users\achantv\Desktop\S7\HM\D6\LT\A6_L\lid06_cp519_hm.out,14.0,1.0,26.0
519,C:\Users\achantv\Desktop\S7\HM\D6\LT\A6_L\lid06_cp520_hm.out,8.0,1.0,12.0
520,C:\Users\achantv\Desktop\S7\HM\D6\LT\A6_L\lid06_cp521_hm.out,12.0,1.0,14.0
521,C:\Users\achantv\Desktop\S7\HM\D6\LT\A6_L\lid06_cp522_hm.out,3.0,1.0,4.0
522,C:\Users\achantv\Desktop\S7\HM\D6\LT\A6_L\lid06_cp523_hm.out,3.0,1.0,4.0
523,C:\Users\achantv\Desktop\S7\HM\D6\LT\A6_L\lid06_cp524_hm.out,11.0,1.0,13.0
524,C:\Users\achantv\Desktop\S7\HM\D6\LT\A6_L\lid06_cp525_hm.out,11.0,1.0,16.0
525,C:\Users\achantv\Desktop\S7\HM\D6\LT\A6_L\lid06_cp526_hm.out,4.0,1.0,5.0
526,C:\Users\achantv\Desktop\S7\HM\D6\LT\A6_L\lid06_cp527_hm.out,5.0,1.0,7.0
